<?xml version="1.0" encoding="UTF-8" ?>
<extension type="package" version="3.0">
<name>googleDirections Package</name>
<packagename>googleDirections</packagename>
<version>3.0.20</version>
<author>kksou</author>
<creationDate>Jul 21, 2017</creationDate>
<copyright>(C) kksou.com. All Rights Reserved.</copyright>
<license>http://www.gnu.org/licenses/gpl-2.0.html GNU/GPL</license>
<authorEmail>support@kksou.com</authorEmail>
<authorUrl>https://www.kksou.com/php-gtk2/</authorUrl>
<packager>kksou</packager>
<packagerurl>https://www.kksou.com/php-gtk2/Joomla-Gadgets/googleDirections-plugin.php</packagerurl>
<description>This plugin allows you to include one or more driving or walking directions provided by Google Maps right inside your content item or article. This package installs the following plugins: googleMaps and googleDirections plugins. (Note: the googleMaps plugin is required for the googleDirections plugin to work.) Please make sure you enable both the plugins (i.e. googleMaps and googleDirections) for this plugin to work.</description>
<updateservers>
    <server type="extension" name="googleDirections Package" priority="1">https://www.kksou.com/update/update_googleDirections_package.xml</server>
</updateservers>
<files folder="packages">
	<file type="plugin" id="googleMaps" client="site">googleMaps_v3.0.30.zip</file>
	<file type="plugin" id="googleDirections" client="site">googleDirections_v3.0.20.zip</file>
</files>
</extension>
