<?xml version="1.0" encoding="utf-8"?>
<extension type="component" version="3.0" method="upgrade">
    <name>com_googlesearch_cse</name>
    <creationDate>Dec 22, 2016</creationDate>
    <copyright>Copyright (C) kksou.com. All Rights Reserved.</copyright>
    <license>GNU General Public License version 2 or later; see LICENSE.txt</license>
    <author>kksou</author>
    <authorEmail>support@kksou.com</authorEmail>
    <authorUrl>http://www.kksou.com/php-gtk2/</authorUrl>
    <version>3.0.7</version>
    <description>This component allows you to add Google's Custom Search Engine (CSE) to your Joomla site with the search results displayed right inside your Joomla page!</description>
    
    
    
    <install> <!-- Runs on install -->
        <sql>
            <file driver="mysql" charset="utf8">sql/install.mysql.utf8.sql</file>
        </sql>
    </install>
    <uninstall> <!-- Runs on uninstall -->
        <sql>
            <file driver="mysql" charset="utf8">sql/uninstall.mysql.utf8.sql</file>
        </sql>
    </uninstall>

    <files folder="site">
        <filename>index.html</filename>
        <filename>googlesearch_cse.php</filename>
        <filename>controller.php</filename>
        <filename>router.php</filename>
        <folder>views</folder>
        <folder>models</folder>
        <folder>controllers</folder>
        <folder>helpers</folder>
        <folder>assets</folder>
    </files>
    <languages folder="languages/site">
        
			<language tag="en-GB">en-GB/en-GB.com_googlesearch_cse.ini</language>
    </languages>
    <administration>
        <menu img="components/com_googlesearch_cse/assets/images/s_com_googlesearch_cse.png" >COM_GOOGLESEARCH_CSE</menu>
        <submenu>
            
			<menu link="option=com_googlesearch_cse&amp;view=config" view="config" img="components/com_googlesearch_cse/assets/images/s_config.png" alt="Googlesearch_cse/Config">COM_GOOGLESEARCH_CSE_TITLE_CONFIG</menu>

        </submenu>
        <files folder="administrator">
            <filename>access.xml</filename>
            <filename>config.xml</filename>
            <filename>controller.php</filename>
            <filename>index.html</filename>
            <filename>googlesearch_cse.php</filename>
            <folder>controllers</folder>
            <folder>assets</folder>
            <folder>helpers</folder>
            <folder>models</folder>
            <folder>sql</folder>
            <folder>tables</folder>
            <folder>views</folder>
        </files>
        <languages folder="languages/administrator">
            
			<language tag="en-GB">en-GB/en-GB.com_googlesearch_cse.ini</language>
			<language tag="en-GB">en-GB/en-GB.com_googlesearch_cse.sys.ini</language>
        </languages>
    </administration>
    <plugins>
        <plugin group="search" plugin="googlesearch_cse"/>
    </plugins>
    
</extension>
<!-- Component built by the Joomla Component Creator -->
<!-- http://www.component-creator.com/ -->
