<?xml version="1.0" encoding="iso-8859-1"?>
<mosinstall type="mambot" group="content">
	<name>Drop Down Menu Apple style</name>
	<author>kksou</author>
	<creationDate>October 2008</creationDate>
	<copyright>(C) kksou.com. All Rights Reserved.</copyright>
	<license>http://www.gnu.org/licenses/gpl-2.0.html GNU/GPL</license>
	<authorEmail>support@kksou.com</authorEmail>
	<authorUrl>www.kksou.com/php-gtk2/</authorUrl>
	<version>1.05</version>
	<description>This plugin allows you to insert the Drop Down Menu Apple style from www.dynamicdrive.com with the tags {DropDown_Menu_Apple_style} ... {/DropDown_Menu_Apple_style}.</description>
	<files>
		<filename mambot="DropDownMenuApplestyle">DropDownMenuApplestyle.php</filename>
		<filename>DropDownMenuApplestyle/ddlevelsmenu.lib.php</filename>
		<filename>DropDownMenuApplestyle/DropDownMenuApplestyle.lib.php</filename>
		<filename>DropDownMenuApplestyle/ddlevelsmenu.css</filename>
		<filename>DropDownMenuApplestyle/ddlevelsmenu_v1.css</filename>
		<filename>DropDownMenuApplestyle/ddlevelsmenu.js</filename>
		<filename>DropDownMenuApplestyle/silvergradient.gif</filename>
		<filename>DropDownMenuApplestyle/silvergradientover.gif</filename>
		<filename>DropDownMenuApplestyle/README.txt</filename>
		<filename>DropDownMenuApplestyle/triangle-1.png</filename>
		<filename>DropDownMenuApplestyle/star-1.png</filename>
		<filename>DropDownMenuApplestyle/arrow-down.gif</filename>
		<filename>DropDownMenuApplestyle/arrow-right.gif</filename>
	</files>
	<params>
		<param name="reveal_animate" type="radio" default="false" label="Reveal Animate" description="Enable sliding animation when revealing sub menus?">
			<option value="0">false</option>
			<option value="1">true</option>
		</param>
		<param name="down_arrow" type="text" default="arrow-down.gif" label="Filename of down arrow image" description="Filename of down arrow image" />
		<param name="right_arrow" type="text" default="arrow-right.gif" label="Filename of right arrow image" description="Filename of right arrow image" />
	</params>
</mosinstall>
