<?xml version="1.5" encoding="iso-8859-1"?>
<install version="1.5" type="plugin" group="content">
	<name>googleMaps</name>
	<author>kksou</author>
	<creationDate>Jul 22, 2017</creationDate>
	<copyright>(C) kksou.com. All Rights Reserved.</copyright>
	<license>http://www.gnu.org/licenses/gpl-2.0.html GNU/GPL</license>
	<authorEmail>support@kksou.com</authorEmail>
	<authorUrl>www.kksou.com/php-gtk2/</authorUrl>
	<version>1.5.23</version>
	<description>This plugin allows you to include one or more google maps right inside your content item or article.</description>
	<files>
		<filename plugin="googleMaps">googleMaps.php</filename>
		<filename>googleMaps/googleMaps.ver</filename>
		<filename>googleMaps/googleMaps.lib.php</filename>
		<filename>googleMaps/googleMaps.util.php</filename>
		<filename>googleMaps/googleMaps_joomla_ver.php</filename>
	</files>
	<params>
		<param name="api_key" type="text" default="" size="48" label="Google Maps API key" description="Google Maps API key" />
		<param name="width" type="text" default="640" size="4" label="Default width" description="Default width for the Google Maps" />
		<param name="height" type="text" default="480" size="4" label="Default height" description="Default height for the Google Maps" />
		<param name="zoom" type="text" default="15" size="2" label="Default zoom" description="Default zoom level for the Google Maps" />
		<param name="template_uses_jquery" type="radio" default="0" label="Template Uses jQuery" description="Click No if your Joomla Template is NOT using jQuery">
			<option value="1">Yes</option>
			<option value="0">No</option>
		</param>
	</params>
</install>
