<?xml version="1.0" encoding="utf-8"?>
<install type="module" version="1.5.0">
  <name>googleMaps</name>
  <author>kksou</author>
  <creationDate>April 2009</creationDate>
  <copyright>(C) kksou.com. All Rights Reserved.</copyright>
  <license>http://www.gnu.org/copyleft/gpl.html GNU/GPL</license>
  <authorEmail>support@kksou.com</authorEmail>
  <authorUrl>www.kksou.com/php-gtk2/</authorUrl>
  <version>1.5</version>
  <description>This module allows you to include one or more google maps right inside your content item or article.</description>
  <files>
    <filename module="mod_googleMaps">mod_googleMaps.php</filename>
	<filename>helper.php</filename>
	<filename>index.html</filename>
	<filename>tmpl/default.php</filename>
	<filename>tmpl/index.html</filename>
  </files>
  <params>
	<param name="moduleclass_sfx" type="text" default="" label="Module Class Suffix" description="PARAMMODULECLASSSUFFIX" />
	<param name="content" type="textarea" cols="48" rows="20" default="" description="use the googleMaps plugin to embed Google Maps"/>
  </params>
</install>