<?xml version="1.0" encoding="UTF-8" ?>
<install type="component" version="1.5.0" method="upgrade">
<name>googleDirections Package</name>
<version>1.5.20</version>
<author>kksou</author>
<creationDate>Jul 21, 2017</creationDate>
<copyright>(C) kksou.com. All Rights Reserved.</copyright>
<license>http://www.gnu.org/licenses/gpl-2.0.html GNU/GPL</license>
<authorEmail>support@kksou.com</authorEmail>
<authorUrl>https://www.kksou.com/php-gtk2/</authorUrl>
<packager>kksou</packager>
<packagerurl>https://www.kksou.com/php-gtk2/Joomla-Gadgets/googleDirections-plugin.php</packagerurl>
<description>This plugin allows you to include one or more driving or walking directions provided by Google Maps right inside your content item or article. This package installs the following plugins: googleMaps and googleDirections plugins. (Note: the googleMaps plugin is required for the googleDirections plugin to work.) Please make sure you enable both the plugins (i.e. googleMaps and googleDirections) for this plugin to work.</description>
<installfile>package_installer.php</installfile>
<administration>
  <files folder="admin">
    <filename>package_installer.php</filename>
	  <filename>extensions/googleMaps_v1.5.30.zip</filename>
	  <filename>extensions/googleDirections_v1.5.20.zip</filename>
  </files>
</administration>
</install>
