<?xml version="1.0" encoding="utf-8"?>
<install type="module" version="1.5.0">
  <name>Pausing up-down Scroller</name>
  <author>kksou</author>
  <creationDate>December 2008</creationDate>
  <copyright>(C) kksou.com. All Rights Reserved.</copyright>
  <license>http://www.gnu.org/copyleft/gpl.html GNU/GPL</license>
  <authorEmail>support@kksou.com</authorEmail>
  <authorUrl>www.kksou.com/php-gtk2/</authorUrl>
  <version>1.53</version>
  <description>This module allows you to display an up-down scroller that pauses between each message! The look of the scroller is completely styled using external CSS, including the dimensions. Easily create a single line scroller just by adjusting the scroller's height appropriately!</description>
  <files>
    <filename module="mod_pausing_up_down_scroller">mod_pausing_up_down_scroller.php</filename>
	<filename>helper.php</filename>
	<filename>index.html</filename>
	<filename>tmpl/default.php</filename>
	<filename>tmpl/index.html</filename>
  </files>
  <params>
	<param name="moduleclass_sfx" type="text" default="" label="Module Class Suffix" description="PARAMMODULECLASSSUFFIX" />
	<param name="content" type="textarea" cols="48" rows="20" default="" description="use {UpDownScroller} ... {/UpDownScroller} to define the scroller messages"/>
  </params>
</install>