<?xml version="1.0" encoding="iso-8859-1"?>
<mosinstall type="mambot" group="content">
	<name>DirectPHP</name>
	<author>kksou</author>
	<creationDate>March 2008</creationDate>
	<copyright>(C) kksou.com. All Rights Reserved.</copyright>
	<license>http://www.gnu.org/licenses/gpl-2.0.html GNU/GPL</license>
	<authorEmail>support@kksou.com</authorEmail>
	<authorUrl>www.kksou.com/php-gtk2/</authorUrl>
	<version>1.06</version>
	<description><![CDATA[
	<p>This plugin allows direct embedding of PHP commands right inside Joomla content page for dynamic contents.</p>

	<p>Here are some examples:</p>

	<ol>
	
	<li>You can display the current date and time with:</li>
	<pre>
	Now is: &lt;?php echo date(&#39;l j D, Y H:i:s&#39;);?&gt;
	</pre>
	<p></p>

	<li>You can use for or foreach loop:</li>
	<pre>
	&lt;?php
	for ($i=0; $i<10; ++$i) {
	&nbsp;&nbsp;&nbsp;&nbsp;echo "$i: ".$i*$i,"&lt;br&gt;";
	}
	?&gt;
	</pre>
	<p></p>

	<li>You can include your own PHP library and call the functions within that library:</li>
	<pre>
	&lt;?php
	require_once('/path/your_php_library.php');
	echo display_image('image123.jpg');
	?&gt;
	</pre>

	</ol>

	<p>Please refer to more examples at: <a href="http://www.kksou.com/php-gtk2/Joomla/DirectPHP-plugin.php">http://www.kksou.com/php-gtk2/</a></p>
	]]></description>
	<files>
		<filename mambot="DirectPHP">DirectPHP.php</filename>
	</files>
	<params>
		<param name="using_no_editor" type="radio" default="0" label="Using No Editor" description="Select Yes if you are not using any editor">
			<option value="1">Yes</option>
			<option value="0">No</option>
		</param>
		<param name="enable_command_block" type="radio" default="1" label="Enable PHP Command Block" description="Enable blocking of the PHP commands below:">
			<option value="1">Yes</option>
			<option value="0">No</option>
		</param>
		<param name="block_list" type="textarea" cols="20" rows="10" default="basename, chgrp, chmod, chown, clearstatcache, copy, delete, dirname, disk_free_space, disk_total_space, diskfreespace, fclose, feof, fflush, fgetc, fgetcsv, fgets, fgetss, file_exists, file_get_contents, file_put_contents, file, fileatime, filectime, filegroup, fileinode, filemtime, fileowner, fileperms, filesize, filetype, flock, fnmatch, fopen, fpassthru, fputcsv, fputs, fread, fscanf, fseek, fstat, ftell, ftruncate, fwrite, glob, lchgrp, lchown, link, linkinfo, lstat, move_uploaded_file, opendir, parse_ini_file, pathinfo, pclose, popen, readfile, readdir, readllink, realpath, rename, rewind, rmdir, set_file_buffer, stat, symlink, tempnam, tmpfile, touch, umask, unlink, fsockopen, system, exec, passthru, escapeshellcmd, pcntl_exec, proc_open, proc_close, mkdir, rmdir" label="PHP commands to block" description="Direct PHP commands to block from within content page"/>
	</params>
</mosinstall>
