<?xml version="1.0" encoding="utf-8"?>
<extension
	type="module"
	version="1.7"
	client="site"
	method="upgrade">
  <name>kksou Google Weather</name>
  <author>kksou</author>
  <creationDate>October 2011</creationDate>
  <copyright>(C) kksou.com. All Rights Reserved.</copyright>
  <license>http://www.gnu.org/copyleft/gpl.html GNU/GPL</license>
  <authorEmail>support@kksou.com</authorEmail>
  <authorUrl>www.kksou.com/php-gtk2/</authorUrl>
  <version>1.7.9</version>
  <description>This module allows you to add Google Weather in a module position.</description>
  <files>
    <filename module="mod_kksouGoogleWeather">mod_kksouGoogleWeather.php</filename>
	<filename>helper.php</filename>
	<filename>index.html</filename>
	<filename>tmpl/default.php</filename>
	<filename>tmpl/index.html</filename>
	<filename>mod_kksouGoogleWeather_lib.php</filename>
	<filename>mod_kksouGoogleWeather_libclass.php</filename>
	<filename>mod_kksouGoogleWeather_setup.php</filename>
	<filename>mod_kksouGoogleWeather_ajax.js</filename>
	<filename>mod_kksouGoogleWeather_progress.gif</filename>
	<filename>mod_kksouGoogleWeather.css</filename>
  </files>
    <config>
		<fields name="params">
			<fieldset name="Basic">


		<field name="moduleclass_sfx" type="text"
					label="Module Class Suffix"
					default=""
					description="A suffix to be applied to the css class of the module (table.moduletable), this allows individual module styling"
				/>

		<field name="API_key" type="text"
					label="wunderground.com API Key"
					description="Please obtain the free Developer API Key from http://www.wunderground.com"
					default=""
				/>

		<field name="default_location" type="text"
					label="Default City"
					description="Valid ZIP code (in US, Canada or UK) or city name"
					default="San Francisco, CA"
				/>

		<field name="default_country" type="text"
					label="Default Country"
					description="Default Country. For US, you can enter default State here."
					default=""
				/>

		<field name="lang" type="text"
					label="Language"
					description="Please refer to: http://www.wunderground.com/weather/api/d/docs?d=language-support"
					default="en"
				/>

		<field name="unit"
					type="radio"
					default="US"
					label="Unit for temperature"
					description="Unit for temperature">
					<option value="SI">degree C</option>
					<option value="US">degree F</option>
				</field>

		<field name="hide_input"
					type="radio"
					default="0"
					label="Hide Input Field"
					description="Hide the input field for user to enter city">
					<option value="1">Yes</option>
					<option value="0">No</option>
				</field>

		<field name="hide_humidity"
					type="radio"
					default="0"
					label="Hide Humidity"
					description="Hide humidity">
					<option value="1">Yes</option>
					<option value="0">No</option>
				</field>

		<field name="hide_wind"
					type="radio"
					default="0"
					label="Hide Wind"
					description="Hide wind">
					<option value="1">Yes</option>
					<option value="0">No</option>
				</field>

		<field name="hide_forecast"
					type="radio"
					default="0"
					label="Hide Forecast"
					description="Hide forecast">
					<option value="1">Yes</option>
					<option value="0">No</option>
				</field>

		<field name="label_city" type="text"
					label="Label for 'City'"
					description="Label for 'City'"
					default="City"
				/>

		<field name="label_humidity" type="text"
					label="Label for 'Humidity'"
					description="Label for 'Humidity'"
					default="Humidity: "
				/>

		<field name="size_city" type="text"
					label="Size of Input Field"
					description="Size of input field to enter 'City'"
					default="20"
				/>

		<field name="request_interval" type="text"
					label="Request Interval (in seconds)"
					description="Interval between requests to Google (in seconds)"
					default="3"
				/>

		<field name="popup_city" type="text"
					label="Popup string for 'City'"
					description="popup string for 'City'"
					default="Please enter zip code, state (in US) or city name, country (for other countries)"
					size="60"
				/>

		<field name="popup_deg_F" type="text"
					label="Popup string for 'to convert to deg F'"
					description="Popup string for 'to convert to deg F'"
					default="Click here to convert to degree F"
					size="60"
				/>

		<field name="popup_deg_C" type="text"
					label="Popup string for 'convert to deg C'"
					description="Popup string for 'convert to deg C'"
					default="Click here to convert to degree C"
					size="60"
				/>

		<field name="focus_on_city"
					type="radio"
					default="0"
					label="Focus on Input Field"
					description="Focus on the input field for user to enter city">
					<option value="1">Yes</option>
					<option value="0">No</option>
				</field>

		<field name="refresh_time" type="text"
					label="Time to refresh (min)"
					description="Number of minutes to force refresh of weather info"
					default="60"
					size="8"
				/>

		<field name="admin_mode"
					type="radio"
					default="0"
					label="Admin mode"
					description="Admin mode to show additional admin info">
					<option value="1">Yes</option>
					<option value="0">No</option>
				</field>
		
		</fieldset>

		</fields>
	</config>
</extension>
