<?xml version="1.0" encoding="UTF-8" ?>
<extension type="package" version="1.7">
<name>googleDirections - To Here Package</name>
<packagename>googleDirections_tohere</packagename>
<version>1.7.15</version>
<author>kksou</author>
<creationDate>Jul 21, 2017</creationDate>
<copyright>(C) kksou.com. All Rights Reserved.</copyright>
<license>http://www.gnu.org/licenses/gpl-2.0.html GNU/GPL</license>
<authorEmail>support@kksou.com</authorEmail>
<authorUrl>https://www.kksou.com/php-gtk2/</authorUrl>
<packager>kksou</packager>
<packagerurl>https://www.kksou.com/php-gtk2/Joomla-Gadgets/googleDirections-To-Here-plugin.php</packagerurl>
<description>This plugin is an extension of the googleDirections plugin. You specify a designated place to be the destination, and let the user enter the adddress he or she is coming from. Google will then provide the driving or walking directions from the user-specified address to your designated place. This package installs the following plugins: googleMaps, googleDirections and googleDirections_tohere plugins. (Note: the googleMaps and googleDirections plugins are required for the googleDirections_tohere plugin to work.) Please make sure you enable all the 3 plugins (i.e. googleMaps, googleDirections and googleDirections_tohere) for this plugin to work.</description>
<updateservers>
    <server type="extension" name="googleDirections_tohere_package" priority="1">https://www.kksou.com/update/update_googleDirections_tohere_package.xml</server>
</updateservers>
<files folder="packages">
	<file type="plugin" id="googleMaps" client="site">googleMaps_v1.7.30.zip</file>
	<file type="plugin" id="googleDirections" client="site">googleDirections_v1.7.20.zip</file>
	<file type="plugin" id="googleDirections_tohere" client="site">googleDirections_tohere_v1.7.15.zip</file>
</files>
</extension>
