<?xml version="1.0" ?>
  <mosinstall type="module">
  <name>googleMaps</name>
  <author>kksou</author>
  <creationDate>April 2009</creationDate>
  <copyright>(C) kksou.com. All Rights Reserved.</copyright>
  <license>http://www.gnu.org/copyleft/gpl.html GNU/GPL</license>
  <authorEmail>support@kksou.com</authorEmail>
  <authorUrl>www.kksou.com/php-gtk2/</authorUrl>
  <version>1.0</version>
  <description>This module allows you to include one or more google maps right inside your content item or article.</description>
  <files>
    <filename module="mod_googleMaps">mod_googleMaps.php</filename>
  </files>
  <params>
    <param name="moduleclass_sfx" type="text" default="" label="Module Class Suffix" description="A suffix to be applied to the css class of the module (table.moduletable), this allows individual module styling" />
	<param name="content" type="textarea" cols="80" rows="20" default="" description="use the googleMaps plugin to embed Google Maps"/>
  </params>
</mosinstall>