<?xml version="1.0" encoding="iso-8859-1"?>
<mosinstall type="mambot" group="content">
	<name>Include Content Item</name>
	<author>kksou</author>
	<creationDate>May 2008</creationDate>
	<copyright>(C) kksou.com. All Rights Reserved.</copyright>
	<license>http://www.gnu.org/licenses/gpl-2.0.html GNU/GPL</license>
	<authorEmail>support@kksou.com</authorEmail>
	<authorUrl>www.kksou.com/php-gtk2/</authorUrl>
	<version>1.0.11</version>
	<description>This plugin allows you to insert or include one content item into another content item.</description>
	<files>
		<filename mambot="include_content_item">include_content_item.php</filename>
		<filename>include_content_item/include_content_item.lib.php</filename>
		<filename>include_content_item/jquery-1.6.4.min.js</filename>
	</files>
</mosinstall>
