<?xml version="1.0" encoding="utf-8"?>
<extension
	type="module"
	version="1.6.0"
	client="site"
	method="upgrade">
  <name>Google Currency Converter</name>
  <author>kksou</author>
  <creationDate>August 2008</creationDate>
  <copyright>(C) kksou.com. All Rights Reserved.</copyright>
  <license>http://www.gnu.org/copyleft/gpl.html GNU/GPL</license>
  <authorEmail>support@kksou.com</authorEmail>
  <authorUrl>www.kksou.com/php-gtk2/</authorUrl>
  <version>1.6.9</version>
  <description>This module allows you to add the Google Currency Converter in a module position.</description>
  <files>
    <filename module="mod_googlecurrencyconverter">mod_googlecurrencyconverter.php</filename>
	<filename>helper.php</filename>
	<filename>index.html</filename>
	<filename>tmpl/default.php</filename>
	<filename>tmpl/index.html</filename>
	<filename>mod_googlecurrencyconverter_lib.php</filename>
	<filename>mod_googlecurrencyconverter_libclass.php</filename>
	<filename>mod_googlecurrencyconverter_ajax.js</filename>
	<filename>mod_googlecurrencyconverter_progress.gif</filename>
  </files>

    <config>
		<fields name="params">
			<fieldset name="Basic">

		<field name="use_curl"
					type="radio"
					default="3"
					label="Use which method to retrieve data"
					description="Method used to retrieve Google data">
					<option value="1">Use cURL library</option>
					<option value="2">Use file_get_contents()</option>
					<option value="3">Use fread()</option>
				</field>

		<field name="moduleclass_sfx" type="text"
					label="Module Class Suffix"
					default=""
					description="A suffix to be applied to the css class of the module (table.moduletable), this allows individual module styling"
				/>

		<field name="currency_from"
					type="list"
					default="USD"
					label="From which currency (default)"
					description="Default currency to convert from">
<option  value="AED">United Arab Emirates Dirham (AED)</option> 
<option  value="ANG">Netherlands Antillean Guilder (ANG)</option> 
<option  value="ARS">Argentine Peso (ARS)</option> 
<option  value="AUD">Australian Dollar (AUD)</option> 
<option  value="BDT">Bangladeshi Taka (BDT)</option> 
<option  value="BGN">Bulgarian Lev (BGN)</option> 
<option  value="BHD">Bahraini Dinar (BHD)</option> 
<option  value="BND">Brunei Dollar (BND)</option> 
<option  value="BOB">Bolivian Boliviano (BOB)</option> 
<option  value="BRL">Brazilian Real (BRL)</option> 
<option  value="BWP">Botswanan Pula (BWP)</option> 
<option  value="CAD">Canadian Dollar (CAD)</option> 
<option  value="CHF">Swiss Franc (CHF)</option> 
<option  value="CLP">Chilean Peso (CLP)</option> 
<option  value="CNY">Chinese Yuan (CNY)</option> 
<option  value="COP">Colombian Peso (COP)</option> 
<option  value="CRC">Costa Rican Colon (CRC)</option> 
<option  value="CZK">Czech Republic Koruna (CZK)</option> 
<option  value="DKK">Danish Krone (DKK)</option> 
<option  value="DOP">Dominican Peso (DOP)</option> 
<option  value="DZD">Algerian Dinar (DZD)</option> 
<option  value="EEK">Estonian Kroon (EEK)</option> 
<option  value="EGP">Egyptian Pound (EGP)</option> 
<option  value="EUR">Euro (EUR)</option> 
<option  value="FJD">Fijian Dollar (FJD)</option> 
<option  value="GBP">British Pound Sterling (GBP)</option> 
<option  value="HKD">Hong Kong Dollar (HKD)</option> 
<option  value="HNL">Honduran Lempira (HNL)</option> 
<option  value="HRK">Croatian Kuna (HRK)</option> 
<option  value="HUF">Hungarian Forint (HUF)</option> 
<option  value="IDR">Indonesian Rupiah (IDR)</option> 
<option  value="ILS">Israeli New Sheqel (ILS)</option> 
<option  value="INR">Indian Rupee (INR)</option> 
<option  value="JMD">Jamaican Dollar (JMD)</option> 
<option  value="JOD">Jordanian Dinar (JOD)</option> 
<option  value="JPY">Japanese Yen (JPY)</option> 
<option  value="KES">Kenyan Shilling (KES)</option> 
<option  value="KRW">South Korean Won (KRW)</option> 
<option  value="KWD">Kuwaiti Dinar (KWD)</option> 
<option  value="KYD">Cayman Islands Dollar (KYD)</option> 
<option  value="KZT">Kazakhstani Tenge (KZT)</option> 
<option  value="LBP">Lebanese Pound (LBP)</option> 
<option  value="LKR">Sri Lankan Rupee (LKR)</option> 
<option  value="LTL">Lithuanian Litas (LTL)</option> 
<option  value="LVL">Latvian Lats (LVL)</option> 
<option  value="MAD">Moroccan Dirham (MAD)</option> 
<option  value="MDL">Moldovan Leu (MDL)</option> 
<option  value="MKD">Macedonian Denar (MKD)</option> 
<option  value="MUR">Mauritian Rupee (MUR)</option> 
<option  value="MVR">Maldivian Rufiyaa (MVR)</option> 
<option  value="MXN">Mexican Peso (MXN)</option> 
<option  value="MYR">Malaysian Ringgit (MYR)</option> 
<option  value="NAD">Namibian Dollar (NAD)</option> 
<option  value="NGN">Nigerian Naira (NGN)</option> 
<option  value="NIO">Nicaraguan Cordoba (NIO)</option> 
<option  value="NOK">Norwegian Krone (NOK)</option> 
<option  value="NPR">Nepalese Rupee (NPR)</option> 
<option  value="NZD">New Zealand Dollar (NZD)</option> 
<option  value="OMR">Omani Rial (OMR)</option> 
<option  value="PEN">Peruvian Nuevo Sol (PEN)</option> 
<option  value="PGK">Papua New Guinean Kina (PGK)</option> 
<option  value="PHP">Philippine Peso (PHP)</option> 
<option  value="PKR">Pakistani Rupee (PKR)</option> 
<option  value="PLN">Polish Zloty (PLN)</option> 
<option  value="PYG">Paraguayan Guarani (PYG)</option> 
<option  value="QAR">Qatari Rial (QAR)</option> 
<option  value="RON">Romanian Leu (RON)</option> 
<option  value="RSD">Serbian Dinar (RSD)</option> 
<option  value="RUB">Russian Ruble (RUB)</option> 
<option  value="SAR">Saudi Riyal (SAR)</option> 
<option  value="SCR">Seychellois Rupee (SCR)</option> 
<option  value="SEK">Swedish Krona (SEK)</option> 
<option  value="SGD">Singapore Dollar (SGD)</option> 
<option  value="SKK">Slovak Koruna (SKK)</option> 
<option  value="SLL">Sierra Leonean Leone (SLL)</option> 
<option  value="SVC">Salvadoran Colon (SVC)</option> 
<option  value="THB">Thai Baht (THB)</option> 
<option  value="TND">Tunisian Dinar (TND)</option> 
<option  value="TRY">Turkish Lira (TRY)</option> 
<option  value="TTD">Trinidad and Tobago Dollar (TTD)</option> 
<option  value="TWD">New Taiwan Dollar (TWD)</option> 
<option  value="TZS">Tanzanian Shilling (TZS)</option> 
<option  value="UAH">Ukrainian Hryvnia (UAH)</option> 
<option  value="UGX">Ugandan Shilling (UGX)</option> 
<option  value="USD">US Dollar (USD)</option> 
<option  value="UYU">Uruguayan Peso (UYU)</option> 
<option  value="UZS">Uzbekistan Som (UZS)</option> 
<option  value="VEF">Venezuelan Bolivar (VEF)</option> 
<option  value="VND">Vietnamese Dong (VND)</option> 
<option  value="XOF">CFA Franc BCEAO (XOF)</option> 
<option  value="YER">Yemeni Rial (YER)</option> 
<option  value="ZAR">South African Rand (ZAR)</option> 
<option  value="ZMK">Zambian Kwacha (ZMK)</option> 
				</field>		


		<field name="currency_to"
					type="list"
					default="EUR"
					label="To which currency (default)"
					description="Default currency to convert to">
<option  value="AED">United Arab Emirates Dirham (AED)</option> 
<option  value="ANG">Netherlands Antillean Guilder (ANG)</option> 
<option  value="ARS">Argentine Peso (ARS)</option> 
<option  value="AUD">Australian Dollar (AUD)</option> 
<option  value="BDT">Bangladeshi Taka (BDT)</option> 
<option  value="BGN">Bulgarian Lev (BGN)</option> 
<option  value="BHD">Bahraini Dinar (BHD)</option> 
<option  value="BND">Brunei Dollar (BND)</option> 
<option  value="BOB">Bolivian Boliviano (BOB)</option> 
<option  value="BRL">Brazilian Real (BRL)</option> 
<option  value="BWP">Botswanan Pula (BWP)</option> 
<option  value="CAD">Canadian Dollar (CAD)</option> 
<option  value="CHF">Swiss Franc (CHF)</option> 
<option  value="CLP">Chilean Peso (CLP)</option> 
<option  value="CNY">Chinese Yuan (CNY)</option> 
<option  value="COP">Colombian Peso (COP)</option> 
<option  value="CRC">Costa Rican Colon (CRC)</option> 
<option  value="CZK">Czech Republic Koruna (CZK)</option> 
<option  value="DKK">Danish Krone (DKK)</option> 
<option  value="DOP">Dominican Peso (DOP)</option> 
<option  value="DZD">Algerian Dinar (DZD)</option> 
<option  value="EEK">Estonian Kroon (EEK)</option> 
<option  value="EGP">Egyptian Pound (EGP)</option> 
<option  value="EUR">Euro (EUR)</option> 
<option  value="FJD">Fijian Dollar (FJD)</option> 
<option  value="GBP">British Pound Sterling (GBP)</option> 
<option  value="HKD">Hong Kong Dollar (HKD)</option> 
<option  value="HNL">Honduran Lempira (HNL)</option> 
<option  value="HRK">Croatian Kuna (HRK)</option> 
<option  value="HUF">Hungarian Forint (HUF)</option> 
<option  value="IDR">Indonesian Rupiah (IDR)</option> 
<option  value="ILS">Israeli New Sheqel (ILS)</option> 
<option  value="INR">Indian Rupee (INR)</option> 
<option  value="JMD">Jamaican Dollar (JMD)</option> 
<option  value="JOD">Jordanian Dinar (JOD)</option> 
<option  value="JPY">Japanese Yen (JPY)</option> 
<option  value="KES">Kenyan Shilling (KES)</option> 
<option  value="KRW">South Korean Won (KRW)</option> 
<option  value="KWD">Kuwaiti Dinar (KWD)</option> 
<option  value="KYD">Cayman Islands Dollar (KYD)</option> 
<option  value="KZT">Kazakhstani Tenge (KZT)</option> 
<option  value="LBP">Lebanese Pound (LBP)</option> 
<option  value="LKR">Sri Lankan Rupee (LKR)</option> 
<option  value="LTL">Lithuanian Litas (LTL)</option> 
<option  value="LVL">Latvian Lats (LVL)</option> 
<option  value="MAD">Moroccan Dirham (MAD)</option> 
<option  value="MDL">Moldovan Leu (MDL)</option> 
<option  value="MKD">Macedonian Denar (MKD)</option> 
<option  value="MUR">Mauritian Rupee (MUR)</option> 
<option  value="MVR">Maldivian Rufiyaa (MVR)</option> 
<option  value="MXN">Mexican Peso (MXN)</option> 
<option  value="MYR">Malaysian Ringgit (MYR)</option> 
<option  value="NAD">Namibian Dollar (NAD)</option> 
<option  value="NGN">Nigerian Naira (NGN)</option> 
<option  value="NIO">Nicaraguan Cordoba (NIO)</option> 
<option  value="NOK">Norwegian Krone (NOK)</option> 
<option  value="NPR">Nepalese Rupee (NPR)</option> 
<option  value="NZD">New Zealand Dollar (NZD)</option> 
<option  value="OMR">Omani Rial (OMR)</option> 
<option  value="PEN">Peruvian Nuevo Sol (PEN)</option> 
<option  value="PGK">Papua New Guinean Kina (PGK)</option> 
<option  value="PHP">Philippine Peso (PHP)</option> 
<option  value="PKR">Pakistani Rupee (PKR)</option> 
<option  value="PLN">Polish Zloty (PLN)</option> 
<option  value="PYG">Paraguayan Guarani (PYG)</option> 
<option  value="QAR">Qatari Rial (QAR)</option> 
<option  value="RON">Romanian Leu (RON)</option> 
<option  value="RSD">Serbian Dinar (RSD)</option> 
<option  value="RUB">Russian Ruble (RUB)</option> 
<option  value="SAR">Saudi Riyal (SAR)</option> 
<option  value="SCR">Seychellois Rupee (SCR)</option> 
<option  value="SEK">Swedish Krona (SEK)</option> 
<option  value="SGD">Singapore Dollar (SGD)</option> 
<option  value="SKK">Slovak Koruna (SKK)</option> 
<option  value="SLL">Sierra Leonean Leone (SLL)</option> 
<option  value="SVC">Salvadoran Colon (SVC)</option> 
<option  value="THB">Thai Baht (THB)</option> 
<option  value="TND">Tunisian Dinar (TND)</option> 
<option  value="TRY">Turkish Lira (TRY)</option> 
<option  value="TTD">Trinidad and Tobago Dollar (TTD)</option> 
<option  value="TWD">New Taiwan Dollar (TWD)</option> 
<option  value="TZS">Tanzanian Shilling (TZS)</option> 
<option  value="UAH">Ukrainian Hryvnia (UAH)</option> 
<option  value="UGX">Ugandan Shilling (UGX)</option> 
<option  value="USD">US Dollar (USD)</option> 
<option  value="UYU">Uruguayan Peso (UYU)</option> 
<option  value="UZS">Uzbekistan Som (UZS)</option> 
<option  value="VEF">Venezuelan Bolivar (VEF)</option> 
<option  value="VND">Vietnamese Dong (VND)</option> 
<option  value="XOF">CFA Franc BCEAO (XOF)</option> 
<option  value="YER">Yemeni Rial (YER)</option> 
<option  value="ZAR">South African Rand (ZAR)</option> 
<option  value="ZMK">Zambian Kwacha (ZMK)</option> 
				</field>	

		<field name="label_convert" type="text"
					label="Label for 'Convert'"
					description="label for 'Convert'"
					default="Convert"
				/>

		<field name="label_into" type="text"
					label="Label for 'into'"
					description="label for 'Into'"
					default="into"
				/>

		<field name="submit_button_label" type="text"
					label="Label for Submit Button"
					description="label for Submit button"
					default="Convert"
				/>

		<field name="use_css"
					type="radio"
					default="0"
					label="Select Yes if you're using CSS to define the color for highlighting the result."
					description="Unit for temperature">
					<option value="1">Yes</option>
					<option value="0">No</option>
				</field>		

		<field name="style"
					type="radio"
					default="1"
					label="Layout style"
					description="Layout style">
					<option value="1">Style 1 - minumum width</option>
					<option value="2">Style 2 - Google Finance style</option>
					<option value="3">Style 3 - single line version</option>
				</field>

		</fieldset>

		</fields>
	</config>
</extension>
