<?xml version="1.0" encoding="utf-8"?>
<extension version="3.0" type="plugin" group="content" method="upgrade">
	<name>googleMaps</name>
	<author>kksou</author>
	<creationDate>Jul 22, 2017</creationDate>
	<copyright>(C) kksou.com. All Rights Reserved.</copyright>
	<license>http://www.gnu.org/licenses/gpl-2.0.html GNU/GPL</license>
	<authorEmail>support@kksou.com</authorEmail>
	<authorUrl>https://www.kksou.com/php-gtk2/</authorUrl>
	<version>1.6.30</version>
	<description>This plugin allows you to include one or more google maps right inside your content item or article.</description>
	<files>
		<filename plugin="googleMaps">googleMaps.php</filename>
		<filename>googleMaps.ver</filename>
		<filename>googleMaps.lib.php</filename>
		<filename>googleMaps.util.php</filename>
		<filename>googleMaps_joomla_ver.php</filename>
	</files>
	<updateservers>
	    <server type="extension" name="googleMaps" priority="1">https://www.kksou.com/update/update_googleMaps.xml</server>
	</updateservers>
	<config>
			<fields name="params">
				<fieldset name="basic">

				<field name="api_key" type="text"
					description="Google Maps API key"
					label="Google Maps API key"
					size="48"
				/>

				<field name="width" type="text"
					label="Default width"
					default="640"
					description="Default width for the Google Maps"
					size="4"
				/>

				<field name="height" type="text"
					label="Default height"
					description="Default height for the Google Maps"
					default="480"
					size="4"
				/>

				<field name="zoom" type="text"
					label="Default zoom"
					description="Default zoom level for the Google Maps"
					default="15"
					size="2"
				/>

				<field name="template_uses_jquery"
					type="radio"
					default="0"
					description="Click No if your Joomla Template is NOT using jQuery"
					label="Template Uses jQuery">
					<option value="1">Yes</option>
					<option value="0">No</option>
				</field>

				</fieldset>
			</fields>
		</config>

</extension>