<?xml version="1.0" ?>
  <mosinstall type="module">
  <name>Pausing up-down Scroller</name>
  <author>kksou</author>
  <creationDate>December 2008</creationDate>
  <copyright>(C) kksou.com. All Rights Reserved.</copyright>
  <license>http://www.gnu.org/copyleft/gpl.html GNU/GPL</license>
  <authorEmail>support@kksou.com</authorEmail>
  <authorUrl>www.kksou.com/php-gtk2/</authorUrl>
  <version>1.03</version>
  <description>This module allows you to display an up-down scroller that pauses between each message! The look of the scroller is completely styled using external CSS, including the dimensions. Easily create a single line scroller just by adjusting the scroller's height appropriately!</description>
  <files>
    <filename module="mod_pausing_up_down_scroller">mod_pausing_up_down_scroller.php</filename>
  </files>
  <params>
    <param name="moduleclass_sfx" type="text" default="" label="Module Class Suffix" description="A suffix to be applied to the css class of the module (table.moduletable), this allows individual module styling" />
	<param name="content" type="textarea" cols="80" rows="20" default="" description="use {UpDownScroller} ... {/UpDownScroller} to define the scroller messages"/>
  </params>
</mosinstall>