<?xml version="1.0" encoding="utf-8"?>
<extension
	type="module"
	version="1.7"
	client="site"
	method="upgrade">
  <name>googleSearch (CSE)</name>
  <author>kksou</author>
  <creationDate>Sep 6, 2105</creationDate>
  <copyright>(C) kksou.com. All Rights Reserved.</copyright>
  <license>http://www.gnu.org/copyleft/gpl.html GNU/GPL</license>
  <authorEmail>support@kksou.com</authorEmail>
  <authorUrl>www.kksou.com/php-gtk2/</authorUrl>
  <version>1.72</version>
  <description>This module complements the googleSearch_cse component. It allows you to add Google's new Custom Search Engine (CSE) to your Joomla site with the search results displayed right inside your Joomla page!</description>
  <files>
    <filename module="mod_googlesearch_cse">mod_googlesearch_cse.php</filename>
	<filename>helper.php</filename>
	<filename>index.html</filename>
	<filename>tmpl/default.php</filename>
	<filename>tmpl/index.html</filename>
  </files>
    <config>
		<fields name="params">
			<fieldset name="Basic">


			<field name="moduleclass_sfx" type="text"
						label="Module Class Suffix"
						default=""
						description="A suffix to be applied to the css class of the module (table.moduletable), this allows individual module styling"
					/>

		</fieldset>

		</fields>
	</config>
</extension>
