<?xml version="1.0" encoding="iso-8859-1"?>
<mosinstall type="mambot" group="content">
	<name>Pausing up-down Scroller</name>
	<author>kksou</author>
	<creationDate>December 2008</creationDate>
	<copyright>(C) kksou.com. All Rights Reserved.</copyright>
	<license>http://www.gnu.org/licenses/gpl-2.0.html GNU/GPL</license>
	<authorEmail>support@kksou.com</authorEmail>
	<authorUrl>www.kksou.com/php-gtk2/</authorUrl>
	<version>1.03</version>
	<description>This is a plugin that displays an up-down scroller that pauses between each message! The look of the scroller is completely styled using external CSS, including the dimensions. Easily create a single line scroller just by adjusting the scroller's height appropriately!</description>
	<files>
		<filename mambot="pausing_up_down_scroller">pausing_up_down_scroller.php</filename>
		<filename>pausing_up_down_scroller/pausing_up_down_scroller.lib.php</filename>
		<filename>pausing_up_down_scroller/pausing_up_down_scroller.css</filename>
		<filename>pausing_up_down_scroller/README.txt</filename>
	</files>
	<params>
		<param name="width" type="text" default="200" label="Width of scroller (in px)" description="Width of scroller (in px)" />
		<param name="height" type="text" default="100" label="Height of scroller (in px)" description="Width of scroller (in px)" />
	</params>
</mosinstall>
