<?xml version="1.0" ?>
  <mosinstall type="module">
  <name>kksou Google Weather</name>
  <author>kksou</author>
  <creationDate>August 2009</creationDate>
  <copyright>(C) kksou.com. All Rights Reserved.</copyright>
  <license>http://www.gnu.org/copyleft/gpl.html GNU/GPL</license>
  <authorEmail>support@kksou.com</authorEmail>
  <authorUrl>www.kksou.com/php-gtk2/</authorUrl>
  <version>1.0.9</version>
  <description>This module allows you to add Google Weather in a module position.</description>
  <files>
    <filename module="mod_kksouGoogleWeather">mod_kksouGoogleWeather.php</filename>
	<filename>mod_kksouGoogleWeather/mod_kksouGoogleWeather_lib.php</filename>
	<filename>mod_kksouGoogleWeather/mod_kksouGoogleWeather_libclass.php</filename>
	<filename>mod_kksouGoogleWeather/mod_kksouGoogleWeather_setup.php</filename>
	<filename>mod_kksouGoogleWeather/joomla_root.php</filename>
	<filename>mod_kksouGoogleWeather/mod_kksouGoogleWeather_ajax.js</filename>
	<filename>mod_kksouGoogleWeather/mod_kksouGoogleWeather_progress.gif</filename>
	<filename>mod_kksouGoogleWeather/mod_kksouGoogleWeather.css</filename>
	<filename>mod_kksouGoogleWeather/mod_kksouGoogleWeather_helper.php</filename>
  </files>
  <params>
	<param name="moduleclass_sfx" type="text" default="" label="Module Class Suffix" description="A suffix to be applied to the css class of the module (table.moduletable), this allows individual module styling" />
	<param name="API_key" type="text" default=""  label="wunderground.com API Key" description="Please obtain the free Developer API Key from http://www.wunderground.com/weather/api/" />
	<param name="default_location" type="text" default="San Francisco, CA"  label="Default City" description="Valid ZIP code (in US, Canada or UK) or city name" />
	<param name="default_country" type="text" default=""  label="Default Country" description="Default Country. For US, you can enter default State here." />
	<param name="lang" type="text" default="en"  label="Language" description="Please refer to: http://www.wunderground.com/weather/api/d/docs?d=language-support" />
	<param name="unit" type="radio" default="US" label="Unit for temperature" description="Unit for temperature">
		<option value="SI">degree C</option>
		<option value="US">degree F</option>
	</param>
	<param name="hide_input" type="radio" default="0" label="Hide Input Field" description="Hide the input field for user to enter city">
		<option value="1">Yes</option>
		<option value="0">No</option>
	</param>
	<param name="hide_humidity" type="radio" default="0" label="Hide Humidity" description="Hide humidity">
		<option value="1">Yes</option>
		<option value="0">No</option>
	</param>
	<param name="hide_wind" type="radio" default="0" label="Hide Wind" description="Hide wind">
		<option value="1">Yes</option>
		<option value="0">No</option>
	</param>
	<param name="hide_forecast" type="radio" default="0" label="Hide Forecast" description="Hide forecast">
		<option value="1">Yes</option>
		<option value="0">No</option>
	</param>
	<param name="label_city" type="text" default="City" label="Label for 'City'" description="label for 'City'" />
	<param name="label_humidity" type="text" default="Humidity: " label="Label for 'Humidity'" description="Label for 'Humidity'" />
	<param name="size_city" type="text" default="20" label="Size of Input Field" description="Size of input field to enter 'City'" />
	<param name="request_interval" type="text" default="3" label="Request Interval" description="Interval between requests to Google" />
	<param name="popup_city" type="text" size="60" default="Please enter zip code, state (in US) or city name, country (for other countries)" label="Popup string for 'City'" description="popup string for 'City'" />
	<param name="popup_deg_F" type="text" size="60" default="Click here to convert to degree F" label="Popup string for 'to convert to deg F'" description="popup string for 'to convert to degree F'" />
	<param name="popup_deg_C" type="text" size="60" default="Click here to convert to degree C" label="Popup string to convert to deg C" description="popup string to convert to degree C" />
	<param name="focus_on_city" type="radio" default="0" label="Focus on Input Field" description="Focus on the input field for user to enter city">
		<option value="1">Yes</option>
		<option value="0">No</option>
	</param>
	<param name="refresh_time" type="text" default="60" label="Time to refresh" description="Number of minutes to force refresh of weather info" />
	<param name="admin_mode" type="radio" default="0" label="Admin mode" description="Admin mode to show additional admin info">
		<option value="1">Yes</option>
		<option value="0">No</option>
	</param>
  </params>
</mosinstall>